{"cameraMode":{"drawMode":0,"name":"Shaded","section":"Shading Mode"},"sceneLighting":false,"audioPlay":false,"sceneViewState":{"m_AlwaysRefresh":false,"showFog":true,"showSkybox":false,"showFlares":true,"showImageEffects":true,"showParticleSystems":true,"showVisualEffectGraphs":true,"m_FxEnabled":true},"in2DMode":false,"pivot":{"x":1.0775233507156373,"y":1.7500001192092896,"z":1.122988224029541},"rotation":{"x":0.023633595556020738,"y":-0.9660276770591736,"z":0.23902662098407746,"w":0.09550174325704575},"size":2.1438982486724855,"orthographic":false}